content,url,title,similarity_score,relevance_score,matched_reference_index,themes,scraped_at
"How asyncio works is a crucial topic for anyone looking to delve deeper into Python's asynchronous programming capabilities. Understanding the underlying mechanics of asyncio can significantly enhance your ability to write efficient, non-blocking code. This includes grasping concepts such as event loops, coroutines, and tasks. By mastering these elements, you can optimize your applications for better performance and responsiveness. Furthermore, integrating asyncio with other libraries can open up new avenues for building scalable applications. For instance, using asyncio with HTTP clients or database connections can lead to more efficient resource management and faster execution times. Debugging asyncio applications can be challenging, but with the right techniques, you can identify bottlenecks and improve your application's overall performance. Tutorials on asyncio often provide real-world examples that can help solidify your understanding and application of these advanced techniques.",https://wimonder.dev,advanced asyncio techniques,,10,,advanced asyncio techniques|asyncio with real-world examples|debugging asyncio applications|performance optimization in asyncio|integrating asyncio with other libraries|python asyncio tutorials,2026-05-24T22:31:57.271049
"At the heart of async I/O is the concept of a coroutine, which is an object that can suspend its execution and resume it later. In the meantime, it can pass the control to an event loop, which can execute another coroutine. Coroutine objects result from calling a coroutine function, also known as an asynchronous function. You define one with the async def construct. Before writing your first piece of asynchronous code, consider the following example that runs synchronously: import time def count(): print(""One"") time.sleep(1) print(""Two"") def main(): for _ in range(3): count() if __name__ == ""__main__"": start = time.perf_counter() main() elapsed = time.perf_counter() - start print(f""{__file__} executed in {elapsed:0.2f} seconds."") The count() function prints One and waits for a second, then prints Two and waits for another second. The loop in the main() function executes count() three times. Below, in the if __name__ == ""__main__"" condition, you take a snapshot of the current time at th",https://realpython.com/async-io-python/?utm_source=openai,asyncio with real-world examples,,9,,python asyncio tutorials|asyncio with real-world examples,2026-05-24T22:29:24.438323
"Async I/O isn’t simple. Building durable multithreaded code can be challenging and prone to errors. Async I/O avoids some of the potential speed bumps you might encounter with a multithreaded design. However, that’s not to say that asynchronous programming is a simple task in Python. Be aware that async programming can get tricky when you venture a bit below the surface level. Python’s async model is built around concepts such as callbacks, coroutines, events, transports, protocols, and futures—even just the terminology can be intimidating. That said, the ecosystem around async programming in Python has improved significantly. The asyncio package has matured and now provides a stable API. Additionally, its documentation has received a considerable overhaul, and some high-quality resources on the subject have also emerged. In asynchronous programming, an event loop is like an infinite loop that monitors coroutines, takes feedback on what’s idle, and looks around for things that can be e",https://realpython.com/async-io-python/?utm_source=openai,debugging asyncio applications,,9,,advanced asyncio techniques|python asyncio tutorials,2026-05-24T22:29:24.438328
"The asyncio module includes a specialized interactive shell known as the asyncio REPL. This environment allows you to use await directly at the top level, without wrapping your code in a call to asyncio.run(). This tool facilitates experimenting, debugging, and learning about asyncio in Python. To start the REPL, you can run the following command: $ python -m asyncio asyncio REPL 3.13.3 (main, Jun 25 2025, 17:27:59) ... on darwin Use ""await"" directly instead of ""asyncio.run()"". Type ""help"", ""copyright"", ""credits"" or ""license"" for more information. Once you get the prompt, you can start running asynchronous code there. Consider the example below, where you reuse the code from the previous section: >>> import asyncio >>> async def main(): ... print(""Hello..."") ... await asyncio.sleep(1) ... print(""World!"") ... >>> await main() Hello... World! This example works the same as the one in the previous section. However, instead of running main() using asyncio.run(), you use await directly. Thi",https://realpython.com/async-io-python/?utm_source=openai,performance optimization in asyncio,,9,,advanced asyncio techniques|debugging asyncio applications|python asyncio tutorials,2026-05-24T22:29:24.438331
"In this example, you define two major coroutines: `fetch_user()` and `fetch_posts()`. Both simulate a network call with a random delay using `asyncio.sleep()`. In the `fetch_user()` coroutine, you return a mock user dictionary. In `fetch_posts()`, you use that dictionary to return a list of mock posts attributed to the user at hand. Random delays simulate real-world asynchronous behavior like network latency. The coroutine chaining happens in the `get_user_with_posts()`. This coroutine awaits `fetch_user()` and stores the result in the user variable. Once the user information is available, it’s passed to `fetch_posts()` to retrieve the posts asynchronously. In `main()`, you use `asyncio.gather()` to run the chained coroutines by executing `get_user_with_posts()` as many times as the number of user IDs you have. Here’s the result of executing the script: Language: Shell ``` $ python chained.py User coro: fetching user by user_id=1... User coro: fetching user by user_id=2... User coro: f",https://realpython.com/async-io-python/?utm_source=openai,asyncio with real-world examples,,9,,asyncio with real-world examples|python asyncio tutorials,2026-05-24T22:29:24.438334
"In this example, the `producer()` function asynchronously fetches mock user data. Each fetched user dictionary is placed into an `asyncio.Queue` object, which shares the data with consumers. After producing all user objects, the producer inserts a sentinel value—also known as a poison pill in this context—for each consumer to signal that no more data will be sent, allowing the consumers to shut down cleanly. The `consumer()` function continuously reads from the queue. If it receives a user dictionary, it simulates fetching that user’s posts, waits a random delay, and prints the results. If it gets the sentinel value, then it breaks the loop and exits. This decoupling allows multiple consumers to process users concurrently, even while the producer is still generating users, and the queue ensures safe and ordered communication between producers and consumers. The queue is the communication point between the producers and consumers, enabling a scalable and responsive system. Here’s how th",https://realpython.com/async-io-python/?utm_source=openai,asyncio with real-world examples,,9,,advanced asyncio techniques|asyncio with real-world examples,2026-05-24T22:29:24.438338
"Python’s async I/O features extend beyond the `async def` and `await` constructs. They include other advanced tools that make asynchronous programming more expressive and consistent with regular Python constructs. In the following sections, you’ll explore powerful async features, including async loops and comprehensions, the `async with` statement, and exception groups. These features will help you write cleaner, more readable asynchronous code.",https://realpython.com/async-io-python/?utm_source=openai,advanced asyncio techniques,,9,,advanced asyncio techniques|python asyncio tutorials,2026-05-24T22:29:24.438341
"Apart from using `async` and `await` to create coroutines, Python also provides the `async for` construct to iterate over an asynchronous iterator. An asynchronous iterator allows you to iterate over asynchronously generated data. While the loop runs, it gives control back to the event loop so that other async tasks can run. A natural extension of this concept is an asynchronous generator. Here’s an example that generates powers of two and uses them in a loop and comprehension: Language: Python ``` >>> import asyncio >>> async def powers_of_two(stop=10): ... exponent = 0 ... while exponent < stop: ... yield 2**exponent ... exponent += 1 ... await asyncio.sleep(0.2) # Simulate some asynchronous work ... >>> async def main(): ... g = [] ... async for i in powers_of_two(5): ... g.append(i) ... print(g) ... f = [j async for j in powers_of_two(5) if not (j // 3 % 5)] ... print(f) ... >>> asyncio.run(main()) [1, 2, 4, 8, 16] [1, 2, 16] ``` There’s a crucial distinction between synchronous an",https://realpython.com/async-io-python/?utm_source=openai,advanced asyncio techniques,,9,,advanced asyncio techniques|python asyncio tutorials|asyncio with real-world examples,2026-05-24T22:29:24.438344
"The `with` statement also has an asynchronous version, `async with`. This construct is quite common in async code, as many I/O-bound tasks involve setup and teardown phases. For example, say you need to write a coroutine to check whether some websites are online. To do that, you can use `aiohttp`, which is a third-party library that you need to install by running `python -m pip install aiohttp` on your command line. Here’s a quick example that implements the required functionality: Language: Python ``` >>> import asyncio >>> import aiohttp >>> async def check(url): ... async with aiohttp.ClientSession() as session: ... async with session.get(url) as response: ... print(f""{url}: status -> {response.status}"") ... >>> async def main(): ... websites = [ ... ""https://realpython.com"", ... ""https://pycoders.com"", ... ""https://www.python.org"", ... ] ... await asyncio.gather(*(check(url) for url in websites)) ... >>> asyncio.run(main()) https://www.python.org: status -> 200 https://pycoders.com",https://realpython.com/async-io-python/?utm_source=openai,asyncio with real-world examples,,9,,asyncio with real-world examples|integrating asyncio with other libraries|python asyncio tutorials,2026-05-24T22:29:24.438347
"You’ve gained a solid understanding of Python’s `asyncio` library and the `async` and `await` syntax, learning how asynchronous programming enables efficient management of multiple I/O-bound tasks within a single thread. Along the way, you explored the differences between concurrency, parallelism, threading, multiprocessing, and asynchronous I/O. You also worked through practical examples using coroutines, event loops, chaining, and queue-based concurrency. On top of that, you learned about advanced `asyncio` features, including async context managers, async iterators, comprehensions, and how to leverage third-party async libraries. Mastering `asyncio` is essential when building scalable network servers, web APIs, or applications that perform many simultaneous I/O-bound operations.",https://realpython.com/async-io-python/?utm_source=openai,python asyncio tutorials,,9,,advanced asyncio techniques|asyncio with real-world examples|python asyncio tutorials,2026-05-24T22:29:24.438350
"Now that you have some background on async I/O as a concurrency model, it’s time to explore Python’s implementation. Python’s asyncio package and its two related keywords, async and await, serve different purposes but come together to help you declare, build, execute, and manage asynchronous code. At the heart of async I/O is the concept of a coroutine, which is an object that can suspend its execution and resume it later. In the meantime, it can pass the control to an event loop, which can execute another coroutine. Coroutine objects result from calling a coroutine function, also known as an asynchronous function. You define one with the async def construct. Before writing your first piece of asynchronous code, consider the following example that runs synchronously: import time def count(): print(""One"") time.sleep(1) print(""Two"") def main(): for _ in range(3): count() if __name__ == ""__main__"": start = time.perf_counter() main() elapsed = time.perf_counter() - start print(f""{__file__}",https://realpython.com/async-io-python,advanced asyncio techniques,,9,,python asyncio tutorials|asyncio with real-world examples,2026-05-24T22:29:24.438437
"In this example, you define two major coroutines: `fetch_user()` and `fetch_posts()`. Both simulate a network call with a random delay using `asyncio.sleep()`. In the `fetch_user()` coroutine, you return a mock user dictionary. In `fetch_posts()`, you use that dictionary to return a list of mock posts attributed to the user at hand. Random delays simulate real-world asynchronous behavior like network latency. The coroutine chaining happens in the `get_user_with_posts()`. This coroutine awaits `fetch_user()` and stores the result in the `user` variable. Once the user information is available, it’s passed to `fetch_posts()` to retrieve the posts asynchronously. In `main()`, you use `asyncio.gather()` to run the chained coroutines by executing `get_user_with_posts()` as many times as the number of user IDs you have. Here’s the result of executing the script: If you sum up the time of all the operations, then this example would take around 7.6 seconds with a synchronous implementation. How",https://realpython.com/async-io-python,asyncio with real-world examples,,9,,asyncio with real-world examples|python asyncio tutorials,2026-05-24T22:29:24.438443
"In this example, the `producer()` function asynchronously fetches mock user data. Each fetched user dictionary is placed into an `asyncio.Queue` object, which shares the data with consumers. After producing all user objects, the producer inserts a sentinel value—also known as a poison pill in this context—for each consumer to signal that no more data will be sent, allowing the consumers to shut down cleanly. The `consumer()` function continuously reads from the queue. If it receives a user dictionary, it simulates fetching that user’s posts, waits a random delay, and prints the results. If it gets the sentinel value, then it breaks the loop and exits. This decoupling allows multiple consumers to process users concurrently, even while the producer is still generating users, and the queue ensures safe and ordered communication between producers and consumers. The queue is the communication point between the producers and consumers, enabling a scalable and responsive system. Here’s how th",https://realpython.com/async-io-python,asyncio with real-world examples,,9,,asyncio with real-world examples|advanced asyncio techniques,2026-05-24T22:29:24.438446
"Python’s async I/O features extend beyond the `async def` and `await` constructs. They include other advanced tools that make asynchronous programming more expressive and consistent with regular Python constructs. In the following sections, you’ll explore powerful async features, including async loops and comprehensions, the `async with` statement, and exception groups. These features will help you write cleaner, more readable asynchronous code. Apart from using `async` and `await` to create coroutines, Python also provides the `async for` construct to iterate over an asynchronous iterator. An asynchronous iterator allows you to iterate over asynchronously generated data. While the loop runs, it gives control back to the event loop so that other async tasks can run. A natural extension of this concept is an asynchronous generator. There’s a crucial distinction between synchronous and asynchronous generators, loops, and comprehensions. Their asynchronous counterparts don’t inherently ma",https://realpython.com/async-io-python,advanced asyncio techniques,,9,,advanced asyncio techniques|python asyncio tutorials,2026-05-24T22:29:24.438449
"The `with` statement also has an asynchronous version, `async with`. This construct is quite common in async code, as many I/O-bound tasks involve setup and teardown phases. For example, say you need to write a coroutine to check whether some websites are online. To do that, you can use `aiohttp`, which is a third-party library that you need to install by running `python -m pip install aiohttp` on your command line. Here’s a quick example that implements the required functionality: In this example, you use `aiohttp` and `asyncio` to perform concurrent HTTP GET requests to a list of websites. The `check()` coroutine fetches and prints the website’s status. The `async with` statement ensures that both `ClientSession` and the individual HTTP response are properly and asynchronously managed by opening and closing them without blocking the event loop. In this example, using `async with` guarantees that the underlying network resources, including connections and sockets, are correctly releas",https://realpython.com/async-io-python,integrating asyncio with other libraries,,9,,asyncio with real-world examples|integrating asyncio with other libraries|python asyncio tutorials,2026-05-24T22:29:24.438452
"coroutine using the `async def` syntax. To run it, either pass it to `asyncio.run()` or schedule it as a task with `asyncio.create_task()`. **What role does the event loop play in`asyncio`?** You rely on the event loop to manage the scheduling and execution of your coroutines, giving each one a chance to run whenever it awaits or completes an I/O-bound operation.",https://realpython.com/async-io-python,advanced asyncio techniques,,9,,advanced asyncio techniques|python asyncio tutorials,2026-05-24T22:29:24.438461
"Asyncio lets you write concurrent I/O-bound Python without threads or locks. Coroutines suspend at `await` points, and the event loop runs other work while I/O completes. Use `asyncio.run()` to start, TaskGroup (3.11+) for structured concurrency with proper error handling, and Semaphore to rate-limit fan-out operations. Async generators handle streaming data. Anything blocking goes to `run_in_executor()`. The shift from gather() to TaskGroup is not optional — structured concurrency eliminates the entire class of orphan-task and silent-failure bugs that plague older async code.",https://www.stanza.dev/concepts/python-asyncio?utm_source=openai,advanced asyncio techniques,,9,,advanced asyncio techniques|performance optimization in asyncio|debugging asyncio applications,2026-05-24T22:30:24.104822
"Without a Semaphore, spawning 200 tasks would hammer the server with 200 simultaneous connections. The Semaphore gates entry so only 10 coroutines are inside the HTTP call at any time. The rest wait their turn without blocking the event loop. This technique is essential when hitting external APIs or databases that have connection limits, ensuring that your application remains responsive and does not overwhelm the server with too many requests at once.",https://www.stanza.dev/concepts/python-asyncio?utm_source=openai,performance optimization in asyncio,,9,,advanced asyncio techniques|performance optimization in asyncio,2026-05-24T22:30:24.104835
"With gather(return_exceptions=True), exceptions hide as list elements — you have to manually check every result. With TaskGroup, failure is loud: remaining tasks get cancelled and you get a typed ExceptionGroup. This is why TaskGroup is the better default for anything beyond fire-and-forget fan-out. It forces you to handle errors properly, ensuring that your application behaves predictably even when some tasks fail.",https://www.stanza.dev/concepts/python-asyncio?utm_source=openai,debugging asyncio applications,,9,,advanced asyncio techniques|debugging asyncio applications,2026-05-24T22:30:24.104836
"Debugging Async Code +15 Mana](https://www.stanza.dev/courses/python-concurrency/mastering-asyncio/python-concurrency-async-debugging) is an essential skill for any developer working with asyncio. Asynchronous programming can introduce unique challenges, such as race conditions and deadlocks, which can be difficult to diagnose. This lesson provides insights into common pitfalls and strategies for effectively debugging async applications. By understanding the lifecycle of async tasks and utilizing tools like logging and breakpoints, developers can gain better visibility into their code's execution flow. Additionally, the lesson covers techniques for isolating issues in concurrent code, ensuring that developers can maintain performance while resolving bugs. Mastering debugging in asyncio not only enhances code quality but also improves overall application reliability, making it a crucial topic for anyone looking to excel in Python concurrency.",https://www.stanza.dev/courses/python-concurrency,debugging asyncio applications,,9,,debugging asyncio applications,2026-05-24T22:30:24.104849
"Real-World Async Patterns +15 Mana](https://www.stanza.dev/courses/python-concurrency/advanced-async/python-concurrency-real-world-async) explores practical applications of asyncio in various scenarios. This lesson delves into how developers can leverage async features to handle I/O-bound tasks more efficiently, such as web scraping, API calls, and database interactions. By employing async patterns, developers can significantly reduce latency and improve the responsiveness of their applications. The lesson provides concrete examples and case studies, demonstrating how to implement these patterns in real-world projects. Furthermore, it emphasizes the importance of understanding the underlying principles of async programming to effectively integrate these techniques into existing codebases. This knowledge is invaluable for optimizing performance and ensuring that applications can scale effectively in a modern, asynchronous environment.",https://www.stanza.dev/courses/python-concurrency,asyncio with real-world examples,,9,,advanced asyncio techniques|asyncio with real-world examples|performance optimization in asyncio,2026-05-24T22:30:24.104851
"Async Patterns Quiz(Sign in required) Advanced+30 Mana](https://www.stanza.dev/courses/python-concurrency/advanced-async/python-concurrency-async-patterns-quiz) is designed to test your understanding of advanced async patterns. This interactive quiz challenges developers to apply their knowledge of asyncio concepts in practical scenarios. By engaging with the quiz, learners can reinforce their understanding of how to implement various async patterns, troubleshoot common issues, and optimize their code for performance. The quiz format encourages active learning, allowing participants to identify areas where they may need further study or practice. This approach not only solidifies knowledge but also prepares developers to tackle real-world challenges in asynchronous programming confidently.",https://www.stanza.dev/courses/python-concurrency,advanced asyncio techniques,,9,,advanced asyncio techniques|debugging asyncio applications|performance optimization in asyncio|python asyncio tutorials,2026-05-24T22:30:24.104852
"In the previous article, we familiarized ourselves with the basics of asyncio. Now, let's look at key advanced concepts often used when writing real-world asynchronous applications: asynchronous generators and context managers, queues for data exchange, basic synchronization primitives, and integration with blocking code.",https://python-academy.org/en/guide/asyncio-advanced?utm_source=openai,advanced asyncio techniques,,9,,advanced asyncio techniques|asyncio with real-world examples|integrating asyncio with other libraries,2026-05-24T22:30:57.674846
"What if you need to call a function that blocks the thread (e.g., a legacy library or a CPU-bound calculation) from asynchronous code? Calling it directly will block the entire event loop. The solution is loop.run_in_executor(). This function allows executing a blocking function in a separate thread or process, without stopping the asyncio event loop. This is particularly useful for integrating existing synchronous code into an asynchronous application.",https://python-academy.org/en/guide/asyncio-advanced?utm_source=openai,integrating asyncio with other libraries,,9,,advanced asyncio techniques|integrating asyncio with other libraries,2026-05-24T22:30:57.674876
"We have reviewed key advanced asyncio tools: async for, async with, asyncio.Queue, asyncio.Lock, and run_in_executor. They form the basis for building most real-world asynchronous applications in Python. In the final article, we will compare all the concurrency approaches discussed (threading, multiprocessing, asyncio), discuss concurrent.futures, and review general best practices.",https://python-academy.org/en/guide/asyncio-advanced?utm_source=openai,python asyncio tutorials,,9,,advanced asyncio techniques|asyncio with real-world examples,2026-05-24T22:30:57.674879
"Coordinating concurrent tasks around shared state is one of the most common problems in Python's `asyncio`. The standard library gives you `asyncio.Event` and `asyncio.Condition`, but each has a gap that only shows up under real concurrency pressure. We hit this while building Inngest's Python SDK, where multiple async handlers coordinate around WebSocket connection state. This post works through each primitive, shows exactly where it breaks, and iterates toward a solution that handles every case we threw at it.",https://www.inngest.com/blog/no-lost-updates-python-asyncio?utm_source=openai,advanced asyncio techniques,,9,,advanced asyncio techniques|asyncio with real-world examples|debugging asyncio applications,2026-05-24T22:31:24.087963
"Imagine an async Python app managing a connection that moves through states: disconnected → connecting → connected → closing → closed. One of your concurrent handlers needs to drain pending requests when the connection starts shutting down. It has to wait for the `closing` state. This scenario illustrates the challenges of managing shared state in asyncio applications, especially when multiple handlers are involved. The need for efficient state management becomes critical in real-world applications, such as those involving WebSocket connections, where state transitions can happen rapidly and unexpectedly, leading to potential data loss if not handled correctly.",https://www.inngest.com/blog/no-lost-updates-python-asyncio?utm_source=openai,asyncio with real-world examples,,9,,advanced asyncio techniques|asyncio with real-world examples|debugging asyncio applications,2026-05-24T22:31:24.087975
"`asyncio.Event` is the stdlib's answer to ""wake me up when something happens"". No polling, no wasted cycles. The handler blocks until the event fires. But `Event` is boolean: it\'s either set or unset. Our connection has five states, and `drain_requests` only cares about one of them. What happens when another handler needs to wait for `connected`? You need a second event. A third handler waiting for ""not disconnected""? A third event with inverted logic. This complexity illustrates the limitations of using basic asyncio primitives for managing shared state in more complex scenarios, emphasizing the need for more robust solutions.",https://www.inngest.com/blog/no-lost-updates-python-asyncio?utm_source=openai,debugging asyncio applications,,9,,advanced asyncio techniques|debugging asyncio applications,2026-05-24T22:31:24.087981
"Instead of waking consumers and asking ""is the current state what you want?"", buffer every transition into a per-consumer queue. Each consumer drains its own queue and checks each transition individually. The consumer never misses a state. Each consumer registers its own `asyncio.Queue`. When the value changes, the setter pushes `(old, new)` into every registered queue. This approach effectively addresses the challenges of state management in asyncio, ensuring that no state transitions are missed and providing a more reliable mechanism for handling shared state in concurrent applications.",https://www.inngest.com/blog/no-lost-updates-python-asyncio?utm_source=openai,advanced asyncio techniques,,9,,advanced asyncio techniques|asyncio with real-world examples,2026-05-24T22:31:24.087984
"The core insight is simple: `asyncio.Condition` asks consumers ""is the current state what you want?"" when it should ask ""did the state ever become what you want?"" Per-consumer queues make that possible by buffering every transition instead of just notifying about the latest one. We use `ValueWatcher` throughout Inngest's Python SDK to coordinate WebSocket connection state, worker lifecycle, and graceful shutdown. If you're managing shared mutable state in asyncio, give it a try. This summary encapsulates the essence of the article, providing a clear recommendation for developers facing similar challenges in their asyncio applications.",https://www.inngest.com/blog/no-lost-updates-python-asyncio?utm_source=openai,python asyncio tutorials,,9,,advanced asyncio techniques|asyncio with real-world examples|integrating asyncio with other libraries,2026-05-24T22:31:24.087987
"The `asyncio` event loop is an infinite while loop that keeps running until it is stopped. ``` while True: self._run_once() if self._stopping: break ``` The event loop doesn’t directly handle futures or tasks. Instead, it models its work using callbacks. It maintains two queues: a “ready queue” for callbacks that are ready to run, and a “scheduled queue” for callbacks that will be ready at a future time. During each iteration, the event loop moves relevant callbacks from the scheduled queue to the ready queue and executes all callbacks in the ready queue. To schedule a coroutine on the event loop, you can use the [`loop.create_task()`](https://docs.python.org/3/library/asyncio-eventloop.html#asyncio.loop.create_task) method. This method creates the task, which in turn schedules the task’s `__step()` method via [`loop.call_soon()`](https://docs.python.org/3/library/asyncio-eventloop.html#asyncio.loop.call_soon). This `call_soon()` method adds the task’s `__step()` method to the loop’s r",https://wimonder.dev/posts/how-asyncio-works/?utm_source=openai,advanced asyncio techniques,,9,,advanced asyncio techniques|python asyncio tutorials,2026-05-24T22:31:57.271005
"We’ve covered the basics of the event loop, including how control returns to it and which queues it maintains internally. However, we haven’t yet explored how control is yielded back to the event loop during blocking operations such as I/O. Consider network I/O as an example. Socket methods such as `send`, `recv`, `connect` and `accept` block by default. This means if we send data over a socket, the event loop blocks until the call completes, preventing other tasks from executing. While you can set a socket to non-blocking—allowing these methods to return immediately without completing their action—this raises some questions: How do we determine when these operations are finished? How can we identify which sockets are ready for reading and writing? This same issue applies to other I/O operations, such as file handling. The solution lies in using an I/O multiplexing mechanism provided by the operating system. Most operating systems offer a way to monitor multiple file descriptors simult",https://wimonder.dev/posts/how-asyncio-works/?utm_source=openai,asyncio with real-world examples,,9,,advanced asyncio techniques|asyncio with real-world examples|integrating asyncio with other libraries,2026-05-24T22:31:57.271022
"The ascent of Python’s asyncio library represents a paradigm shift in how developers build high-concurrency applications. Moving beyond the limitations of traditional threading and multiprocessing, asyncio offers a single-threaded, cooperative multitasking model that promises unprecedented efficiency for I/O-bound workloads. However, the journey from a simple script to a production-grade, scalable system is fraught with complexity. This deep dive explores the advanced concepts of asyncio, from the fundamental challenge of integrating synchronous code to the low-level power of the Transport/Protocol abstraction, and finally to the architectural patterns and critical evaluations necessary for building resilient, high-performance systems.",https://python.tarancodes.in/advanced-asyncio-high-concurrency-systems-guide/?utm_source=openai,advanced asyncio techniques,,9,,advanced asyncio techniques|performance optimization in asyncio|integrating asyncio with other libraries,2026-05-24T22:32:49.340697
"The primary mechanism for addressing this impedance mismatch is the loop.run_in_executor() method. This function offloads blocking work to a separate thread or process pool. When called, it schedules the provided synchronous callable to run in the executor and immediately returns a Future object. The calling coroutine can then await this future, allowing it to continue other work until the blocking operation completes and the future is resolved with the result. This pattern is indispensable for several scenarios: Legacy Libraries: Integrating popular synchronous libraries like requests.get() by wrapping them in run_in_executor prevents them from blocking the event loop. CPU-bound Tasks: Performing long-running calculations that would otherwise monopolize the event loop thread. Blocking I/O: Executing slow database queries or file operations that lack native async-compatible drivers.",https://python.tarancodes.in/advanced-asyncio-high-concurrency-systems-guide/?utm_source=openai,advanced asyncio techniques,,9,,advanced asyncio techniques|integrating asyncio with other libraries,2026-05-24T22:32:49.340710
"Bridging the sync-async boundary is a two-way street. To call an asynchronous function from a thread other than the event loop’s thread, one must use asyncio.run_coroutine_threadsafe(coroutine, loop). This function schedules the coroutine on the specified event loop and returns a concurrent.futures.Future, on which the calling thread can block to retrieve the result. This pattern is foundational for architectures where a dedicated background thread runs the event loop, exposing a synchronous API to the rest of the application.",https://python.tarancodes.in/advanced-asyncio-high-concurrency-systems-guide/?utm_source=openai,integrating asyncio with other libraries,,9,,advanced asyncio techniques|integrating asyncio with other libraries,2026-05-24T22:32:49.340713
"Building a robust system with asyncio requires more than understanding primitives; it demands the application of higher-level architectural patterns for concurrency control, error handling, and resource management. The asyncio.Semaphore is the standard tool for limiting the number of simultaneous tasks accessing a resource, such as an external API. By acquiring the semaphore before initiating a request (async with semaphore:), a task ensures it does not exceed a predefined concurrency limit, which is essential for adhering to API rate limits.",https://python.tarancodes.in/advanced-asyncio-high-concurrency-systems-guide/?utm_source=openai,performance optimization in asyncio,,9,,advanced asyncio techniques|asyncio with real-world examples,2026-05-24T22:32:49.340719
"The primary mechanism for addressing this impedance mismatch is the loop.run_in_executor() method. This function offloads blocking work to a separate thread or process pool. When called, it schedules the provided synchronous callable to run in the executor and immediately returns a Future object. The calling coroutine can then await this future, allowing it to continue other work until the blocking operation completes and the future is resolved with the result. This pattern is indispensable for several scenarios: Legacy Libraries: Integrating popular synchronous libraries like requests.get() by wrapping them in run_in_executor prevents them from blocking the event loop. CPU-bound Tasks: Performing long-running calculations that would otherwise monopolize the event loop thread. Blocking I/O: Executing slow database queries or file operations that lack native async-compatible drivers. The choice of executor—ThreadPoolExecutor or ProcessPoolExecutor—is a critical decision with significant",https://python.tarancodes.in/advanced-asyncio-high-concurrency-systems-guide,advanced asyncio techniques,,9,,advanced asyncio techniques|integrating asyncio with other libraries|performance optimization in asyncio,2026-05-24T22:32:49.340760
"Bridging the sync-async boundary is a two-way street. To call an asynchronous function from a thread other than the event loop’s thread, one must use asyncio.run_coroutine_threadsafe(coroutine, loop). This function schedules the coroutine on the specified event loop and returns a concurrent.futures.Future, on which the calling thread can block to retrieve the result. This pattern is foundational for architectures where a dedicated background thread runs the event loop, exposing a synchronous API to the rest of the application. The strict separation between synchronous and asynchronous code is a significant source of cognitive load. As some critics note, asyncio does not inherently simplify development compared to well-managed threading, as both require explicit synchronization for external resources. Furthermore, hidden synchronous calls within third-party utility libraries can inadvertently block the event loop, leading to difficult-to-diagnose performance issues.",https://python.tarancodes.in/advanced-asyncio-high-concurrency-systems-guide,advanced asyncio techniques,,9,,advanced asyncio techniques|debugging asyncio applications|integrating asyncio with other libraries,2026-05-24T22:32:49.340763
"For applications designed to handle a vast number of concurrent connections—such as web servers, real-time messaging platforms, or IoT gateways—asyncio provides a powerful, low-level abstraction known as Transport and Protocol. This model is explicitly intended for building libraries and frameworks, offering fine-grained control over networking behavior that is not available in higher-level abstractions. Its core strength lies in a clear separation of concerns: the Transport abstracts the communication channel itself, while the Protocol defines the rules for interpreting the data being sent and received. Unlike the coroutine-based Streams API, this model is callback-driven. This eliminates the overhead of creating a new task for every I/O event, resulting in superior performance for high-throughput scenarios where the cost of task creation and context switching becomes significant.",https://python.tarancodes.in/advanced-asyncio-high-concurrency-systems-guide,advanced asyncio techniques,,9,,advanced asyncio techniques|performance optimization in asyncio|integrating asyncio with other libraries,2026-05-24T22:32:49.340765
"Building a robust system with asyncio requires more than understanding primitives; it demands the application of higher-level architectural patterns for concurrency control, error handling, and resource management. The asyncio.Semaphore is the standard tool for limiting the number of simultaneous tasks accessing a resource, such as an external API. By acquiring the semaphore before initiating a request (async with semaphore:), a task ensures it does not exceed a predefined concurrency limit, which is essential for adhering to API rate limits. A sophisticated variation of this pattern involves dynamic adjustment. After receiving an API response, a task can check headers like x-ratelimit-remaining and proactively adjust the semaphore’s capacity, optimizing concurrency in real-time without violating service agreements.",https://python.tarancodes.in/advanced-asyncio-high-concurrency-systems-guide,advanced asyncio techniques,,9,,advanced asyncio techniques|performance optimization in asyncio|integrating asyncio with other libraries,2026-05-24T22:32:49.340768
"Production systems must gracefully handle transient failures. The asyncio.wait_for function provides a straightforward way to implement timeouts, raising an asyncio.TimeoutError if a task overruns. For more complex failures, a retry logic pattern with exponential backoff is highly effective. This involves catching specific exceptions (e.g., HTTP 500 errors), waiting for an increasing delay calculated as (2 ** attempt) + jitter, and eventually giving up after a set number of attempts. The jitter prevents synchronized retries from overwhelming a recovering service. When processing large batches, it is crucial to isolate failures. Using asyncio.gather(*tasks, return_exceptions=True) ensures that one failing task does not halt the entire batch. The function waits for all tasks to complete and returns a list of results or caught exceptions, allowing the application to log errors and continue.",https://python.tarancodes.in/advanced-asyncio-high-concurrency-systems-guide,debugging asyncio applications,,9,,advanced asyncio techniques|asyncio with real-world examples|debugging asyncio applications,2026-05-24T22:32:49.340770
"Optimizing an asyncio application is a multi-faceted endeavor: The Event Loop: A significant performance boost can be achieved by replacing the default event loop with uvloop, a drop-in replacement written in Cython that can provide a 2-4x improvement in speed and memory efficiency. Understanding Overhead: Developers must be mindful of the cost of asyncio‘s own constructs. Awaiting a Task is significantly more expensive than awaiting a coroutine directly, as it forces a full event loop iteration. This understanding is critical for optimizing performance-sensitive code paths. Choosing the Right Abstraction: For large data transfers, the low-level Transport/Protocol or raw socket APIs can outperform the Streams API, which introduces additional buffering and abstraction layers.",https://python.tarancodes.in/advanced-asyncio-high-concurrency-systems-guide,performance optimization in asyncio,,9,,performance optimization in asyncio,2026-05-24T22:32:49.340773
"This is a first part of a longer series. Making more real-world examples of asyncio. “Hello world” type of examples are often very misleading about the real effort it takes to use some tool. asyncio examples you may find on the web are guilty as well. Most of them focus on simple happy path scenarios. In this article, I’ll be writing about working with coroutines, handling errors, retrying them automatically, and tracking execution progress. The next articles will explore the usage of more high-level tools like `asyncio.Task` and `asyncio.TaskGroup`.",https://klichx.dev/2023/08/03/asyncio-real-world-coroutines/?utm_source=openai,advanced asyncio techniques,,9,,asyncio with real-world examples|advanced asyncio techniques|debugging asyncio applications,2026-05-24T22:33:43.774447
"The first attempt is with `asyncio.gather` function. The function takes in a sequence of awaitables and runs them concurrently. If any awaitables are coroutines they are scheduled as `Task`. Errors raised by coroutines can be raised or returned. I wanted to deal with exceptions in the supervisor to make decisions about what will happen so the flag is set to `return_exceptions=False`. The code generates a list of coroutines, each item is a worker wrapped in supervisor. The list is given to `asyncio.gather` and then run concurrently. Transient exceptions are retried as per the supervisor’s design. This approach is quick, and if you don’t care about exceptions and retries (you set `return_exceptions=True`) it may also be robust enough. You can’t track what is going on easily if you are not printing or reporting in some other way. The downside of this approach is the lack of timeout. One has to use `asyncio.timeout` to guard against hanging executions.",https://klichx.dev/2023/08/03/asyncio-real-world-coroutines/?utm_source=openai,performance optimization in asyncio,,9,,advanced asyncio techniques|debugging asyncio applications|performance optimization in asyncio,2026-05-24T22:33:43.774462
"Making more real-world examples of asyncio. “Hello world” type of examples are often very misleading about the real effort it takes to use some tool. asyncio examples you may find on the web are guilty as well. Most of them focus on simple happy path scenarios. In this article, I’ll be writing about working with coroutines, handling errors, retrying them automatically, and tracking execution progress. The next articles will explore the usage of more high-level tools like asyncio.Task and asyncio.TaskGroup.",https://klichx.dev/2023/08/03/asyncio-real-world-coroutines,advanced asyncio techniques,,9,,asyncio with real-world examples|advanced asyncio techniques|debugging asyncio applications,2026-05-24T22:33:43.774483
"Asyncio provides the ability to add and remove done callback functions to tasks. Callbacks are regular Python functions that are executed when the task is done and require that the coroutine first be scheduled as an asyncio task. A callback cannot await a coroutine or a task, but it can create and schedule a new task. This means that we can define a series of callbacks that are added to asyncio.Task instances in order to chain coroutines together. For example: # done callback function def callback(task): # schedule the next task task = asyncio.create_task(coro()). This allows a chain of dependent coroutines to be defined. A limitation is that the call that initiates the chain has no way of knowing when the chain will be completed. There is also no easy way to get the result from the end of the chain back to the caller.",https://superfastpython.com/asyncio-coroutine-chaining?utm_source=openai,advanced asyncio techniques,,9,,advanced asyncio techniques|asyncio with real-world examples,2026-05-24T22:36:31.416238
"We can explore how to automatically chain independent coroutines. In this example, we will use our chain() utility coroutine developed above. This allows us to execute a linear sequence of independent coroutines. They are independent because they do not interact with each other. There is no passing of results from one to the next. In this case, we will define a sequence of 3 sequential tasks where the second task is divided into 2 sub-tasks. For example: 1. task1() 2a. task2_sub1() 2b. task2_sub2() 3. task3(). We will then chain the three tasks together in a linear sequence.",https://superfastpython.com/asyncio-coroutine-chaining?utm_source=openai,asyncio with real-world examples,,9,,advanced asyncio techniques|asyncio with real-world examples,2026-05-24T22:36:31.416244
"We can explore how to chain coroutines together using done callback functions. In this example, we will define three coroutines that are intended to be executed in a linear chain. 1. The first task prepares some data and returns it as a result. 2. The second task requires the result from the first task, uses it, and returns a result. 3. The third task requires the result from the second task, uses it, and returns a result. We will use done callback functions to connect the coroutines in a chain via background tasks.",https://superfastpython.com/asyncio-coroutine-chaining?utm_source=openai,asyncio with real-world examples,,9,,advanced asyncio techniques|asyncio with real-world examples,2026-05-24T22:36:31.416247
"4 Ways to Suppress Asyncio CancelledError

Handling exceptions in asynchronous programming can be tricky, especially when dealing with the `CancelledError` in Python's asyncio library. This error occurs when a task is cancelled before it has a chance to complete. Here are four effective strategies to suppress this error:

1. **Using Try-Except Blocks**: The simplest way to handle `CancelledError` is to wrap your awaitable code in a try-except block. This allows you to catch the exception and handle it gracefully without crashing your application.

2. **Custom Exception Handling**: You can create a custom exception handler that specifically deals with `CancelledError`. This is useful if you want to log the error or perform specific actions when a task is cancelled.

3. **Using asyncio.shield()**: This function can be used to protect a task from being cancelled. By wrapping your awaitable with `asyncio.shield()`, you ensure that it will not be cancelled even if the parent task is cancell",https://superfastpython.com/tutorial-archive.html,advanced asyncio techniques,,9,,advanced asyncio techniques|debugging asyncio applications,2026-05-24T22:36:31.416278
"How to Debug Asyncio

Debugging asynchronous code can be challenging due to the non-linear execution flow. However, Python's asyncio library provides several tools and techniques to help you effectively debug your asyncio applications. Here are some strategies:

1. **Use Logging**: Incorporate logging into your asyncio functions to track the flow of execution and identify where things might be going wrong. The `logging` module in Python allows you to set different logging levels and output logs to various destinations.

2. **Enable Debug Mode**: You can enable debug mode in asyncio by setting `asyncio.run()` to run with the debug flag. This can help you catch common issues such as unawaited coroutines and task cancellations.

3. **Inspect Task States**: Use `asyncio.Task.all_tasks()` to get a list of all current tasks and their states. This can help you identify tasks that are stuck or have not been awaited properly.

4. **Use Breakpoints**: If you are using an IDE that supports debugg",https://superfastpython.com/tutorial-archive.html,debugging asyncio applications,,9,,debugging asyncio applications,2026-05-24T22:36:31.416281
"Asyncio Performance Optimization Best Practices

Optimizing performance in asyncio applications is crucial for achieving high concurrency and responsiveness. Here are some best practices to enhance the performance of your asyncio-based applications:

1. **Use asyncio.gather()**: When you need to run multiple coroutines concurrently, use `asyncio.gather()`. This function allows you to run multiple awaitables concurrently and wait for their results, which can significantly reduce the overall execution time compared to running them sequentially.

2. **Limit Concurrency**: While asyncio allows for high concurrency, too many concurrent tasks can lead to resource exhaustion. Use semaphores or limits on the number of concurrent tasks to ensure that your application remains responsive and does not overwhelm the system.

3. **Avoid Blocking Calls**: Ensure that your asyncio code does not contain blocking calls. Use non-blocking libraries for I/O operations, and if you need to perform CPU-bound ",https://superfastpython.com/tutorial-archive.html,performance optimization in asyncio,,9,,performance optimization in asyncio,2026-05-24T22:36:31.416284
"Python Async Programming allows you to build efficient and scalable applications by combining multiple coroutines and tasks. You can use features like asyncio.gather() to execute multiple coroutines concurrently and wait for all of them to complete. Here\'s an example of using asyncio.gather():

import asyncio

async def task1():
    await asyncio.sleep(1)
    print(\""Task 1 completed\"")

async def task2():
    await asyncio.sleep(2)
    print(\""Task 2 completed\"")

async def main():
    await asyncio.gather(task1(), task2())

loop = asyncio.get_event_loop()
loop.run_until_complete(main())

In this example, we define two coroutines task1() and task2(), each waiting for a different amount of time. In the main() coroutine, we use asyncio.gather() to execute both tasks concurrently. As a result, the program prints the completion messages of both tasks.",https://www.squash.io/python-async-programming-a-beginners-guide/?utm_source=openai,asyncio with real-world examples,,9,,asyncio with real-world examples|python asyncio tutorials,2026-05-24T22:37:48.387479
"In asynchronous programming, it\'s common to have multiple tasks running concurrently. However, there may be situations where you need to limit the number of tasks that can run simultaneously. This is where semaphores come in handy. A semaphore is a synchronization primitive that allows a fixed number of threads or coroutines to access a shared resource simultaneously. It maintains a count of available resources and blocks or releases tasks based on that count. Python provides the asyncio.Semaphore class as part of the asyncio module, which can be used to synchronize tasks in an asynchronous program. To use a semaphore, you first create an instance of the Semaphore class, specifying the maximum number of tasks that can acquire the semaphore at the same time. Then, you can use the acquire() method to acquire the semaphore and the release() method to release it. Here\'s an example that demonstrates how to use a semaphore to limit the number of concurrent tasks:

import asyncio

async def",https://www.squash.io/python-async-programming-a-beginners-guide/?utm_source=openai,advanced asyncio techniques,,9,,advanced asyncio techniques|asyncio with real-world examples|python asyncio tutorials,2026-05-24T22:37:48.387496
"In async programming, optimizing performance is crucial to ensure efficient execution of tasks and minimize resource usage. Here are some techniques to consider when aiming to improve the performance of your async Python code: **1. Use Async Libraries and Frameworks:** Utilize async libraries and frameworks, such as asyncio in Python, which provide built-in support for async programming. These libraries offer various tools and utilities to simplify async programming and enhance performance. **2. Use Asynchronous I/O:** Leverage asynchronous I/O operations to improve performance. Instead of waiting for a resource to become available, async I/O allows your program to continue executing other tasks. This can be achieved by using async functions and the ""await"" keyword to wait for I/O operations to complete without blocking the execution of other tasks. Here’s an example of using async I/O with the aiohttp library to make asynchronous HTTP requests: import aiohttp import asyncio async def ",https://www.squash.io/python-async-programming-a-beginners-guide/?utm_source=openai,performance optimization in asyncio,,9,,performance optimization in asyncio|integrating asyncio with other libraries|advanced asyncio techniques|asyncio with real-world examples,2026-05-24T22:37:48.387500
"Debugging and error handling are crucial aspects of any programming language, and async programming in Python is no exception. Asynchronous programming introduces some unique challenges when it comes to debugging and handling errors, but with the right tools and techniques, you can effectively troubleshoot and fix issues in your async code. Debugging async code can be more challenging than debugging synchronous code because of the non-linear execution flow. However, Python provides several tools that can help you in this process. One useful technique is to use print statements strategically to trace the execution flow and identify any issues. You can print the values of variables or log messages at various points in your async code to understand what’s happening. Another powerful tool for debugging async code is the asyncio.get_event_loop().set_debug(True) function. Enabling debug mode in the event loop can provide you with detailed information about the execution of your async code, i",https://www.squash.io/python-async-programming-a-beginners-guide/?utm_source=openai,debugging asyncio applications,,9,,debugging asyncio applications,2026-05-24T22:37:48.387503
"Integrating asyncio into real-world applications can significantly enhance the performance and scalability of your projects. One common use case for asyncio is in real-time applications, such as chat servers or streaming services. These applications often require handling a large number of concurrent connections, which asyncio excels at. For example, you can create a WebSocket server using the websockets library. The handle_connection function is called whenever a new connection is established. Inside the function, you continuously receive messages from the client using await websocket.recv(), process the message, and send a response back using await websocket.send(). This allows for efficient communication with multiple clients at once. Additionally, when working with databases, asyncio can be used to perform concurrent database operations, improving the overall performance of your application. Many database libraries provide asynchronous support, allowing you to interact with the dat",https://www.squash.io/python-async-programming-a-beginners-guide/?utm_source=openai,asyncio with real-world examples,,9,,asyncio with real-world examples|integrating asyncio with other libraries,2026-05-24T22:37:48.387506
"Debugging async code can be more challenging than debugging synchronous code because of the non-linear execution flow. However, Python provides several tools that can help you in this process. One useful technique is to use `print` statements strategically to trace the execution flow and identify any issues. You can print the values of variables or log messages at various points in your async code to understand what's happening. Another powerful tool for debugging async code is the `asyncio.get_event_loop().set_debug(True)` function. Enabling debug mode in the event loop can provide you with detailed information about the execution of your async code, including any warnings or errors. Additionally, Python provides a debugger called [pdb](https://docs.python.org/3/library/pdb.html) that you can use to step through your async code and inspect variables at each step. You can set breakpoints in your code using the `import pdb; pdb.set_trace()` statement. This will start the debugger and al",https://www.squash.io/python-async-programming-a-beginners-guide/?utm_source=openai,debugging asyncio applications,,9,,debugging asyncio applications,2026-05-24T22:37:48.387509
"These advanced techniques will help you write more efficient and flexible async programs in Python. Experiment with them and explore the asyncio module further to discover more powerful features that can enhance your async programming skills. The event loop is the core component of the asyncio module. It manages the execution of coroutines and tasks in an async program. By default, asyncio provides a default event loop that you can use. However, in some cases, you may need to create and manage your own event loop. To create a custom event loop, you can use the asyncio.get_event_loop() function, which returns the current event loop. You can then use the loop to execute coroutines and tasks using the run_until_complete() or run_forever() methods. Here’s an example of creating and using a custom event loop: import asyncio loop = asyncio.get_event_loop() async def my_coroutine(): # Your coroutine code here task = loop.create_task(my_coroutine()) loop.run_until_complete(task) This approach ",https://www.squash.io/python-async-programming-a-beginners-guide/?utm_source=openai,advanced asyncio techniques,,9,,advanced asyncio techniques|asyncio with real-world examples|python asyncio tutorials,2026-05-24T22:37:48.387515
"In async programming, optimizing performance is crucial to ensure efficient execution of tasks and minimize resource usage. Here are some techniques to consider when aiming to improve the performance of your async Python code: **1. Use Async Libraries and Frameworks:** Utilize async libraries and frameworks, such as asyncio in Python, which provide built-in support for async programming. These libraries offer various tools and utilities to simplify async programming and enhance performance. **2. Use Asynchronous I/O:** Leverage asynchronous I/O operations to improve performance. Instead of waiting for a resource to become available, async I/O allows your program to continue executing other tasks. This can be achieved by using async functions and the ""await"" keyword to wait for I/O operations to complete without blocking the execution of other tasks. Here’s an example of using async I/O with the aiohttp library to make asynchronous HTTP requests: import aiohttp import asyncio async def ",https://www.squash.io/python-async-programming-a-beginners-guide,performance optimization in asyncio,,9,,performance optimization in asyncio|advanced asyncio techniques|asyncio with real-world examples,2026-05-24T22:37:48.387606
"Debugging and error handling are crucial aspects of any programming language, and async programming in Python is no exception. Asynchronous programming introduces some unique challenges when it comes to debugging and handling errors, but with the right tools and techniques, you can effectively troubleshoot and fix issues in your async code. Debugging async code can be more challenging than debugging synchronous code because of the non-linear execution flow. However, Python provides several tools that can help you in this process. One useful technique is to use print statements strategically to trace the execution flow and identify any issues. You can print the values of variables or log messages at various points in your async code to understand what’s happening. Another powerful tool for debugging async code is the asyncio.get_event_loop().set_debug(True) function. Enabling debug mode in the event loop can provide you with detailed information about the execution of your async code, i",https://www.squash.io/python-async-programming-a-beginners-guide,debugging asyncio applications,,9,,debugging asyncio applications,2026-05-24T22:37:48.387609
"Asyncio is also well-suited for building real-time applications, such as chat servers or streaming services. These applications often require handling a large number of concurrent connections, which asyncio excels at. For example, you can create a WebSocket server using the websockets library. The handle_connection function is called whenever a new connection is established. Inside the function, we continuously receive messages from the client using await websocket.recv(), process the message, and send a response back using await websocket.send(). Here’s a simple implementation: import asyncio import websockets async def handle_connection(websocket, path): while True: message = await websocket.recv() # Process the message await websocket.send('Processed: ' + message) start_server = websockets.serve(handle_connection, 'localhost', 8765) asyncio.get_event_loop().run_until_complete(start_server) asyncio.get_event_loop().run_forever() This example shows how to handle multiple connections c",https://www.squash.io/python-async-programming-a-beginners-guide,asyncio with real-world examples,,9,,asyncio with real-world examples|integrating asyncio with other libraries|python asyncio tutorials,2026-05-24T22:37:48.387612
"Building a web scraper is a common task in which data is extracted from websites. Python provides several libraries for web scraping, but using Asyncio can greatly improve the performance of your scraper by allowing multiple requests to be made simultaneously. Before we start building our web scraper, we need to install the necessary dependencies. We will be using the aiohttp library for making HTTP requests and beautifulsoup4 for parsing the HTML response. To install the dependencies, you can use pip: pip install aiohttp beautifulsoup4. Let’s start by importing the necessary modules: import asyncio import aiohttp from bs4 import BeautifulSoup. Next, we’ll define a function that will be responsible for making the HTTP request and parsing the HTML response: async def scrape_website(url): async with aiohttp.ClientSession() as session: async with session.get(url) as response: html = await response.text() soup = BeautifulSoup(html, 'html.parser') # Parse the HTML and extract the data you n",https://www.squash.io/python-async-programming-a-beginners-guide,asyncio with real-world examples,,9,,asyncio with real-world examples|python asyncio tutorials,2026-05-24T22:37:48.387615
"Debugging async code can be more challenging than debugging synchronous code because of the non-linear execution flow. However, Python provides several tools that can help you in this process. One useful technique is to use print statements strategically to trace the execution flow and identify any issues. You can print the values of variables or log messages at various points in your async code to understand what's happening. Another powerful tool for debugging async code is the asyncio.get_event_loop().set_debug(True) function. Enabling debug mode in the event loop can provide you with detailed information about the execution of your async code, including any warnings or errors. Additionally, Python provides a debugger called pdb that you can use to step through your async code and inspect variables at each step. You can set breakpoints in your code using the import pdb; pdb.set_trace() statement. This will start the debugger and allow you to interactively debug your code.",https://www.squash.io/python-async-programming-a-beginners-guide,debugging asyncio applications,,9,,debugging asyncio applications,2026-05-24T22:37:48.387618
"By effectively debugging and handling errors in your async code, you can improve the reliability and stability of your programs. Remember to use tools like print statements, the debug mode in the event loop, and the pdb debugger, along with techniques like try-except blocks and asyncio.create_task() for error handling. Exploring advanced techniques in async programming can further enhance your skills. The event loop is the core component of the asyncio module. It manages the execution of coroutines and tasks in an async program. By default, asyncio provides a default event loop that you can use. However, in some cases, you may need to create and manage your own event loop. To create a custom event loop, you can use the asyncio.get_event_loop() function, which returns the current event loop. You can then use the loop to execute coroutines and tasks using the run_until_complete() or run_forever() methods.",https://www.squash.io/python-async-programming-a-beginners-guide,advanced asyncio techniques,,9,,advanced asyncio techniques|debugging asyncio applications,2026-05-24T22:37:48.387624
"Async I/O may seem counterintuitive and paradoxical at first. How does something that facilitates concurrent code use a single thread in a single CPU core? Miguel Grinberg’s PyCon talk explains everything quite beautifully: Chess master Judit Polgár hosts a chess exhibition in which she plays multiple amateur players. She has two ways of conducting the exhibition: synchronously and asynchronously. Assumptions: 24 opponents, Judit makes each chess move in 5 seconds, opponents each take 55 seconds to make a move, games average 30 pair-moves (60 moves total). **Synchronous version**: Judit plays one game at a time, never two at the same time, until the game is complete. Each game takes (55 + 5) * 30 == 1800 seconds, or 30 minutes. The entire exhibition takes 24 * 30 == 720 minutes, or 12 hours. **Asynchronous version**: Judit moves from table to table, making one move at each table. She leaves the table and lets the opponent make their next move during the wait time. One move on all 24 ga",https://realpython.com/async-io-python/?utm_source=openai,advanced asyncio techniques,,8,,advanced asyncio techniques|python asyncio tutorials,2026-05-24T22:29:24.438291
"using the `async def` syntax. To run it, either pass it to `asyncio.run()` or schedule it as a task with `asyncio.create_task()`. **What role does the event loop play in`asyncio`?**Show/Hide You rely on the event loop to manage the scheduling and execution of your coroutines, giving each one a chance to run whenever it awaits or completes an I/O-bound operation.",https://realpython.com/async-io-python/?utm_source=openai,advanced asyncio techniques,,8,,advanced asyncio techniques|python asyncio tutorials,2026-05-24T22:29:24.438353
"Async I/O may seem counterintuitive and paradoxical at first. How does something that facilitates concurrent code use a single thread in a single CPU core? Miguel Grinberg’s PyCon talk explains everything quite beautifully: Chess master Judit Polgár hosts a chess exhibition in which she plays multiple amateur players. She has two ways of conducting the exhibition: synchronously and asynchronously. Assumptions: 24 opponents, Judit makes each chess move in 5 seconds, opponents each take 55 seconds to make a move, games average 30 pair-moves (60 moves total). In the synchronous version, Judit plays one game at a time, never two at the same time, until the game is complete. Each game takes (55 + 5) * 30 == 1800 seconds, or 30 minutes. The entire exhibition takes 24 * 30 == 720 minutes, or 12 hours. In the asynchronous version, Judit moves from table to table, making one move at each table. She leaves the table and lets the opponent make their next move during the wait time. One move on all",https://realpython.com/async-io-python,asyncio with real-world examples,,8,,advanced asyncio techniques|python asyncio tutorials,2026-05-24T22:29:24.438433
"Async I/O isn’t a new concept. It exists in—or is being built into—other languages such as Go, C#, and Rust. The asyncio package is billed by the Python documentation as a library to write concurrent code. However, async I/O isn’t threading or multiprocessing. It’s not built on top of either of these. Async I/O is a single-threaded, single-process technique that uses cooperative multitasking. Async I/O gives a feeling of concurrency despite using a single thread in a single process. Coroutines—or coro for short—are a central feature of async I/O and can be scheduled concurrently, but they’re not inherently concurrent. To reiterate, async I/O is a model of concurrent programming, but it’s not parallelism. It’s more closely aligned with threading than with multiprocessing, but it’s different from both and is a standalone member of the concurrency ecosystem. That leaves one more term. What does it mean for something to be asynchronous? This isn’t a rigorous definition, but for the purpose",https://realpython.com/async-io-python,performance optimization in asyncio,,8,,python asyncio tutorials,2026-05-24T22:29:24.438440
"Starting with Python 3.11, you can use the `ExceptionGroup` class to handle multiple unrelated exceptions that may occur concurrently. This is especially useful when running multiple coroutines that can raise different exceptions. Additionally, the new `except*` syntax helps you gracefully deal with several errors at once. In this example, you have three coroutines that raise three different types of exceptions. In the `main()` function, you call `gather()` with the coroutines as arguments. You also set the `return_exceptions` argument to `True` so that you can grab the exceptions if they occur. Next, you use a list comprehension to store the exceptions in a new list. If the list contains at least one exception, then you create an `ExceptionGroup` for them. To handle this exception group, you can use the following code: In this code, you wrap the call to `asyncio.run()` in a try block. Then, you use the `except*` syntax to catch the expected exception separately. In each case, you prin",https://realpython.com/async-io-python,debugging asyncio applications,,8,,advanced asyncio techniques|debugging asyncio applications,2026-05-24T22:29:24.438455
"Using `async def` for functions that perform blocking operations—such as standard file I/O or synchronous network requests—will block the entire event loop, negate the benefits of async I/O, and potentially reduce your program’s efficiency. Only use `async def` functions for non-blocking operations. The battle between async I/O and multiprocessing isn’t a real battle. You can use both models in concert if you want. In practice, multiprocessing should be the right choice if you have multiple CPU-bound tasks. The contest between async I/O and threading is more direct. Threading isn’t simple, and even in cases where threading seems easy to implement, it can still lead to hard-to-trace bugs due to race conditions and memory usage, among other things. Threading also tends to scale less elegantly than async I/O because threads are a system resource with a finite availability. Creating thousands of threads will fail on many machines or can slow down your code. In contrast, creating thousands ",https://realpython.com/async-io-python,performance optimization in asyncio,,8,,advanced asyncio techniques|performance optimization in asyncio,2026-05-24T22:29:24.438458
"Async generators let you lazily stream data from paginated APIs. Each page is fetched only when the consumer asks for more items, so memory stays flat regardless of total result count. This pattern works equally well for database cursors and SSE event streams, allowing for efficient data handling without the need for excessive memory consumption. This is particularly useful in real-world applications where data size can vary significantly.",https://www.stanza.dev/concepts/python-asyncio?utm_source=openai,asyncio with real-world examples,,8,,advanced asyncio techniques|asyncio with real-world examples,2026-05-24T22:30:24.104838
"Always use Semaphore when fanning out to external services. Spawning 10,000 tasks that all hit the same API or database will exhaust connections and trigger rate limits. A Semaphore with a sensible limit (10-50 for HTTP, match your pool size for databases) keeps things stable. This practice not only improves performance but also ensures that your application adheres to the constraints of the services it interacts with, preventing potential downtime or throttling.",https://www.stanza.dev/concepts/python-asyncio?utm_source=openai,performance optimization in asyncio,,8,,advanced asyncio techniques|performance optimization in asyncio,2026-05-24T22:30:24.104839
"Similar to regular generators, asynchronous generators allow iterating over a sequence of data asynchronously without loading it all into memory. They are defined with async def and use yield. They are iterated over using async for. This allows for efficient data processing in scenarios where data is produced over time, such as streaming data or reading from a database asynchronously.",https://python-academy.org/en/guide/asyncio-advanced?utm_source=openai,advanced asyncio techniques,,8,,advanced asyncio techniques|python asyncio tutorials,2026-05-24T22:30:57.674860
"Asynchronous context managers extend the functionality of traditional context managers for asynchronous operations. They implement aenter and aexit methods (which can be async) and are used with async with. This is particularly useful for managing resources like database connections or file streams that require cleanup after use, ensuring that resources are properly released even in the event of an error.",https://python-academy.org/en/guide/asyncio-advanced?utm_source=openai,advanced asyncio techniques,,8,,advanced asyncio techniques|python asyncio tutorials,2026-05-24T22:30:57.674864
"asyncio.Queue is the primary way to safely exchange data between different asynchronous tasks within the same event loop. The API is similar to queue.Queue but uses await. This allows for effective communication between producer and consumer tasks, enabling them to work concurrently without stepping on each other's toes.",https://python-academy.org/en/guide/asyncio-advanced?utm_source=openai,advanced asyncio techniques,,8,,advanced asyncio techniques|python asyncio tutorials,2026-05-24T22:30:57.674868
"To coordinate coroutines and protect shared resources, asyncio provides analogues to the primitives in threading, but adapted for asynchronicity. The most basic is asyncio.Lock. It ensures that only one coroutine can execute code within an async with lock_async: block. This is crucial for maintaining data integrity when multiple coroutines might attempt to modify shared data simultaneously.",https://python-academy.org/en/guide/asyncio-advanced?utm_source=openai,advanced asyncio techniques,,8,,advanced asyncio techniques|python asyncio tutorials,2026-05-24T22:30:57.674872
"The most obvious approach: check the value in a loop. This works. But the tradeoffs are bad: **Latency vs. efficiency**: A short sleep interval wastes CPU cycles. A long one adds latency. There\'s no good value. **Duplication**: Every consumer reimplements the same polling loop with the same tradeoff. **No event-driven wake**: The consumer runs whether or not anything changed. We can do better. What we actually want is to sleep until the state changes, not sleep for an arbitrary duration and check. This highlights the inefficiencies of naive polling in asyncio applications and sets the stage for exploring more advanced techniques.",https://www.inngest.com/blog/no-lost-updates-python-asyncio?utm_source=openai,performance optimization in asyncio,,8,,advanced asyncio techniques|performance optimization in asyncio,2026-05-24T22:31:24.087978
"The `asyncio` event loop also allows to schedule a callback at a given time in the future via the `call_later` and `call_at` methods. ``` def call_later(self, delay, callback, *args, context=None): ... def call_at(self, when, callback, *args, context=None): ... ``` These methods add their callbacks to the event loop’s scheduled queue, along with each callback’s desired execution time. During each event loop iteration, the event loop checks its scheduled queue. If it notices that a callback’s desired execution time has passed, it moves that callback to the ready queue. > Note that the event loop can be blocked by another callback for quite some time and that the event loop therefore executes the scheduled callbacks on a best-effort basis.",https://wimonder.dev/posts/how-asyncio-works/?utm_source=openai,advanced asyncio techniques,,8,,advanced asyncio techniques,2026-05-24T22:31:57.271018
"Now that we’ve explored the various pieces of the event loop, let’s take a step back and have a look at all the steps in a single iteration: 1. Remove cancelled callbacks from the scheduled queue 2. Determine timeout value for the select call * If there are callbacks in the ready queue or the event loop is stopping, the timeout is 0. Otherwise the timeout is the time until the first callback in the scheduled queue. 3. Make the select call * This processes the read and write events and moves their respective callbacks to the ready queue. 4. Move all ready callbacks from the scheduled queue to the ready queue 5. Execute all the callbacks in the ready queue",https://wimonder.dev/posts/how-asyncio-works/?utm_source=openai,performance optimization in asyncio,,8,,advanced asyncio techniques|python asyncio tutorials,2026-05-24T22:31:57.271026
"In each iteration, the event loop makes a select call to determine which file descriptors are ready for reading or writing. Since we’ve stored a callback for the `EVENT_WRITE` selector event, the select call will return that callback when the socket is ready for writing. The event loop then moves these callbacks to the ready queue and executes them. Socket reading follows a similar process—we create a future, await it and store a callback for the `EVENT_READ` event that sets the read bytes as the future’s result.",https://wimonder.dev/posts/how-asyncio-works/?utm_source=openai,debugging asyncio applications,,8,,advanced asyncio techniques|asyncio with real-world examples,2026-05-24T22:31:57.271030
"For applications designed to handle a vast number of concurrent connections—such as web servers, real-time messaging platforms, or IoT gateways—asyncio provides a powerful, low-level abstraction known as Transport and Protocol. This model is explicitly intended for building libraries and frameworks, offering fine-grained control over networking behavior that is not available in higher-level abstractions. Its core strength lies in a clear separation of concerns: the Transport abstracts the communication channel itself, while the Protocol defines the rules for interpreting the data being sent and received.",https://python.tarancodes.in/advanced-asyncio-high-concurrency-systems-guide/?utm_source=openai,advanced asyncio techniques,,8,,advanced asyncio techniques|asyncio with real-world examples,2026-05-24T22:32:49.340716
"Production systems must gracefully handle transient failures. The asyncio.wait_for function provides a straightforward way to implement timeouts, raising an asyncio.TimeoutError if a task overruns. For more complex failures, a retry logic pattern with exponential backoff is highly effective. This involves catching specific exceptions (e.g., HTTP 500 errors), waiting for an increasing delay calculated as (2 ** attempt) + jitter, and eventually giving up after a set number of attempts. The jitter prevents synchronized retries from overwhelming a recovering service.",https://python.tarancodes.in/advanced-asyncio-high-concurrency-systems-guide/?utm_source=openai,debugging asyncio applications,,8,,advanced asyncio techniques|asyncio with real-world examples,2026-05-24T22:32:49.340722
"A complete high-performance service often combines these techniques: uvloop for the event loop, semaphores for concurrency control, connection pooling for efficient I/O, and structured background task management. While asyncio is a powerful tool, its design choices introduce significant complexity and performance trade-offs that demand a critical evaluation. It is not a universal panacea. asyncio’s architecture layers the modern async/await syntax on top of a traditional callback-based API.",https://python.tarancodes.in/advanced-asyncio-high-concurrency-systems-guide/?utm_source=openai,performance optimization in asyncio,,8,,advanced asyncio techniques|performance optimization in asyncio,2026-05-24T22:32:49.340724
"The scenario is as follows, we have 20 concurrent coroutines fetching a site, raising random errors, and retrying in case of errors. Execution progress will be tracked and reported to the terminal in some form. Wherever possible the code will be concurrent. If you are here just for the code, please go to the GitHub repo. Please welcome our leading actor, the worker coroutine. Accept my apologies; this is a simplified example of an actual work. The code pulls data and throws a few random errors. It is simple but not at the level of “hello world” stuff online. The point is some errors are not recoverable, like RuntimeError.",https://klichx.dev/2023/08/03/asyncio-real-world-coroutines/?utm_source=openai,asyncio with real-world examples,,8,,advanced asyncio techniques|asyncio with real-world examples|debugging asyncio applications,2026-05-24T22:33:43.774457
"This one is interesting as it returns an iterable with results. So tracking progress becomes super easy as you iterate over it. Nothing fancy, and while it looks as if the coroutines are run sequentially they are in fact run concurrently. The loop makes it look wrong but reporting progress is super easy. The `await` in the loop may raise but here it is ok as I want to handle this in supervisor. `asyncio.wait` is the last case. A useful feature of wait is that unfinished executions are returned in a list separate from successful ones. In this case, `asyncio.wait` returns when all is done. This behaviour can be configured to return on a first success or on a first failure, achieved via `return_when` flag.",https://klichx.dev/2023/08/03/asyncio-real-world-coroutines/?utm_source=openai,integrating asyncio with other libraries,,8,,advanced asyncio techniques|debugging asyncio applications,2026-05-24T22:33:43.774465
"The scenario is as follows, we have 20 concurrent coroutines fetching a site, raising random errors, and retrying in case of errors. Execution progress will be tracked and reported to the terminal in some form. Wherever possible the code will be concurrent. If you are here just for the code, please go to the GitHub repo.",https://klichx.dev/2023/08/03/asyncio-real-world-coroutines,asyncio with real-world examples,,8,,advanced asyncio techniques|asyncio with real-world examples,2026-05-24T22:33:43.774486
"Coroutine chaining refers to the process of linking or chaining together multiple coroutines to execute in a specific sequence. This technique involves invoking one coroutine after another, allowing for the orderly execution of asynchronous tasks. By chaining coroutines, we can create a sequence of operations where the output of one coroutine becomes the input for the next one. This pattern helps in organizing and managing complex asynchronous workflows, ensuring that each coroutine runs in the desired order and passes its results or exceptions to the subsequent coroutine in the chain. The chaining of coroutines often involves using ""await"" expressions to invoke and await the completion of each coroutine in the sequence, allowing for cooperative multitasking and efficient handling of asynchronous tasks. It enables us to structure and manage the flow of asynchronous operations, facilitating cleaner and more maintainable code in asyncio-based applications.",https://superfastpython.com/asyncio-coroutine-chaining?utm_source=openai,advanced asyncio techniques,,8,,advanced asyncio techniques|python asyncio tutorials,2026-05-24T22:36:31.416216
"The simplest way to chain coroutines is to have one coroutine await another coroutine. This process can then be repeated for as many links in the chain as required. For example: async def func1(): return 1 async def func2(): return await func1() + 2 async def func3(): return await func2() + 100. In this case, func3() awaits the result from func2() which in turn awaits the result from func1(). This looks like a regular call graph where coroutines are created and awaited in sequence just like would be as function calls. For example: func3() -> func2() -> func1(). You can learn more about the await expression that can be used to chain coroutines in the tutorial: What is Asyncio Await in Python.",https://superfastpython.com/asyncio-coroutine-chaining?utm_source=openai,asyncio with real-world examples,,8,,python asyncio tutorials,2026-05-24T22:36:31.416234
"We can explore how to manually chain coroutines together. In this example, we will define three coroutines in a chain: 1. The first coroutine will create and await a result from the second coroutine. 2. The second coroutine will create and await a result from the third coroutine. 3. The third coroutine will prepare and return a result. The main() coroutine will start the chain by creating the first coroutine and await the result of the chain. The chain looks as follows result = func3(data + func2(data + func1(data))). Notice the nesting structure of the chain. This is much like function calls, except here we assume that a non-blocking I/O is required to retrieve the data in each step of the chain.",https://superfastpython.com/asyncio-coroutine-chaining?utm_source=openai,asyncio with real-world examples,,8,,advanced asyncio techniques|python asyncio tutorials,2026-05-24T22:36:31.416241
"Python's concurrent.futures module provides a high-level interface for asynchronously executing tasks in parallel. It includes the ThreadPoolExecutor and ProcessPoolExecutor classes, which allow you to execute functions in separate threads or processes, respectively. These classes are useful when you have CPU-bound tasks that can benefit from parallel execution. To use them with asyncio, you can wrap the executor in an asyncio event loop using the run_in_executor() method. Here’s an example of using a ThreadPoolExecutor to execute a function asynchronously: import asyncio from concurrent.futures import ThreadPoolExecutor async def my_coroutine(): # Your coroutine code here def blocking_function(): # Your blocking code here loop = asyncio.get_event_loop() executor = ThreadPoolExecutor() task = loop.run_in_executor(executor, blocking_function) This method can significantly improve the performance of your async applications by offloading CPU-bound tasks to separate threads or processes, a",https://www.squash.io/python-async-programming-a-beginners-guide/?utm_source=openai,integrating asyncio with other libraries,,8,,integrating asyncio with other libraries|performance optimization in asyncio,2026-05-24T22:37:48.387518
"Python Async Programming allows you to build efficient and scalable applications by combining multiple coroutines and tasks. You can use features like asyncio.gather() to execute multiple coroutines concurrently and wait for all of them to complete. Here\'s an example of using asyncio.gather():

```python
import asyncio

async def task1():
    await asyncio.sleep(1)
    print(\""Task 1 completed\"")

async def task2():
    await asyncio.sleep(2)
    print(\""Task 2 completed\"")

async def main():
    await asyncio.gather(task1(), task2())

loop = asyncio.get_event_loop()
loop.run_until_complete(main())
```

In this example, we define two coroutines task1() and task2(), each waiting for a different amount of time. In the main() coroutine, we use asyncio.gather() to execute both tasks concurrently. As a result, the program prints the completion messages of both tasks.",https://www.squash.io/python-async-programming-a-beginners-guide,asyncio with real-world examples,,8,,python asyncio tutorials|asyncio with real-world examples,2026-05-24T22:37:48.387594
"In asynchronous programming, it\'s common to have multiple tasks running concurrently. However, there may be situations where you need to limit the number of tasks that can run simultaneously. This is where semaphores come in handy. A semaphore is a synchronization primitive that allows a fixed number of threads or coroutines to access a shared resource simultaneously. It maintains a count of available resources and blocks or releases tasks based on that count. Python provides the asyncio.Semaphore class as part of the asyncio module, which can be used to synchronize tasks in an asynchronous program. To use a semaphore, you first create an instance of the Semaphore class, specifying the maximum number of tasks that can acquire the semaphore at the same time. Then, you can use the acquire() method to acquire the semaphore and the release() method to release it.",https://www.squash.io/python-async-programming-a-beginners-guide,advanced asyncio techniques,,8,,advanced asyncio techniques|python asyncio tutorials,2026-05-24T22:37:48.387600
"To run async code, you need an event loop. The event loop is responsible for executing coroutines and managing their execution order. In Python, the asyncio module provides an event loop and other tools for working with asynchronous code. Here\'s an example of running an async function using the asyncio.run function:

```python
import asyncio

async def main():
    result = await fetch_data(\""https://example.com\"")
    print(\""Received data:\"", result)

asyncio.run(main())
```

In this example, the asyncio.run function is used to run the main async function. It creates a new event loop, runs the function, and then closes the event loop.",https://www.squash.io/python-async-programming-a-beginners-guide,debugging asyncio applications,,8,,python asyncio tutorials|asyncio with real-world examples,2026-05-24T22:37:48.387603
"The learning curve for asyncio is a major barrier. Documentation often focuses on implementation details like generators, futures, and coroutines, rather than providing intuitive, high-level conceptual explanations. This forces developers to constantly navigate the dual paradigm of synchronous and asynchronous code, increasing cognitive load. The distinction between asyncio.run and loop.run_until_complete can be confusing for newcomers, and the need to correctly use await or run_in_executor at every boundary is a persistent source of errors.",https://python.tarancodes.in/advanced-asyncio-high-concurrency-systems-guide/?utm_source=openai,python asyncio tutorials,,7,,advanced asyncio techniques|debugging asyncio applications,2026-05-24T22:32:49.340727
"The asyncio ecosystem thrives with compatible libraries like aiohttp and asyncpg, but it struggles with the vast majority of the Python ecosystem, which is built around blocking synchronous APIs. This forces developers into complex hybrid architectures. Therefore, adopting asyncio should not be a blanket decision. For applications dominated by fast, local database operations or those with simple I/O needs, the performance penalty and complexity of asyncio may be unjustifiable. A simpler, more direct approach using threading or even synchronous code might be the most pragmatic and effective choice.",https://python.tarancodes.in/advanced-asyncio-high-concurrency-systems-guide,integrating asyncio with other libraries,,7,,integrating asyncio with other libraries|performance optimization in asyncio,2026-05-24T22:32:49.340775
"A useful feature of wait is that unfinished executions are returned in a list separate from successful ones. In this case, asyncio.wait returns when all is done. This behaviour can be configured to return on a first success or on a first failure, achieved via return_when flag. The full code can be found in the repo. Feel free to use it.",https://klichx.dev/2023/08/03/asyncio-real-world-coroutines,integrating asyncio with other libraries,,7,,advanced asyncio techniques|python asyncio tutorials,2026-05-24T22:33:43.774494
"Using async and await in your code offers several benefits: - Simplified syntax: Async and await allow you to write asynchronous code that looks and behaves like synchronous code, making it easier to understand and maintain. - Improved performance: By allowing functions to pause and resume execution, async and await enable efficient utilization of system resources, leading to improved performance. - Concurrency and parallelism: Async and await make it easier to write concurrent and parallel code, allowing you to perform multiple tasks simultaneously without blocking the execution of other tasks. - Compatibility with other libraries: Many popular Python libraries support async and await, allowing you to integrate asynchronous code seamlessly into your projects.",https://www.squash.io/python-async-programming-a-beginners-guide/?utm_source=openai,performance optimization in asyncio,,7,,advanced asyncio techniques|integrating asyncio with other libraries,2026-05-24T22:37:48.387493
"Handling errors in async code is essential to ensure that your program behaves correctly and gracefully recovers from any unexpected situations. Python provides a variety of mechanisms for error handling in async programming. One common approach is to use `try-except` blocks to catch and handle exceptions. You can wrap your async code within a `try` block and use `except` blocks to catch specific exceptions and perform appropriate error handling. Here's an example of how to use `try-except` blocks in async code: import asyncio async def divide(a, b): try: result = a / b print(f""The result is: {result}"") except ZeroDivisionError: print(""Error: Cannot divide by zero"") async def main(): await divide(10, 5) await divide(10, 0) asyncio.run(main()) In the above example, the `divide` function attempts to divide two numbers. If a `ZeroDivisionError` occurs, it is caught in the `except` block, and an appropriate error message is displayed. Another technique for error handling in async code is t",https://www.squash.io/python-async-programming-a-beginners-guide/?utm_source=openai,debugging asyncio applications,,7,,debugging asyncio applications|python asyncio tutorials,2026-05-24T22:37:48.387512
"Using async and await in your code offers several benefits: - Simplified syntax: Async and await allow you to write asynchronous code that looks and behaves like synchronous code, making it easier to understand and maintain. - Improved performance: By allowing functions to pause and resume execution, async and await enable efficient utilization of system resources, leading to improved performance. - Concurrency and parallelism: Async and await make it easier to write concurrent and parallel code, allowing you to perform multiple tasks simultaneously without blocking the execution of other tasks. - Compatibility with other libraries: Many popular Python libraries support async and await, allowing you to integrate asynchronous code seamlessly into your projects.",https://www.squash.io/python-async-programming-a-beginners-guide,performance optimization in asyncio,,7,,advanced asyncio techniques|integrating asyncio with other libraries,2026-05-24T22:37:48.387597
"Handling errors in async code is essential to ensure that your program behaves correctly and gracefully recovers from any unexpected situations. Python provides a variety of mechanisms for error handling in async programming. One common approach is to use try-except blocks to catch and handle exceptions. You can wrap your async code within a try block and use except blocks to catch specific exceptions and perform appropriate error handling. Here's an example of how to use try-except blocks in async code: import asyncio async def divide(a, b): try: result = a / b print(f""The result is: {result}"") except ZeroDivisionError: print(""Error: Cannot divide by zero"") async def main(): await divide(10, 5) await divide(10, 0) asyncio.run(main()). In the above example, the divide function attempts to divide two numbers. If a ZeroDivisionError occurs, it is caught in the except block, and an appropriate error message is displayed.",https://www.squash.io/python-async-programming-a-beginners-guide,debugging asyncio applications,,7,,debugging asyncio applications|python asyncio tutorials,2026-05-24T22:37:48.387621
